Peptide,Peptide_Sequence
Wnt10b_0_15,MLEEPRPRPPPSGLA
Wnt10b_5_20,RPRPPPSGLAGLLFL
Wnt10b_10_25,PSGLAGLLFLALCSR
Wnt10b_15_30,GLLFLALCSRALSNE
Wnt10b_20_35,ALCSRALSNEILGLK
Wnt10b_25_40,ALSNEILGLKLPGEP
Wnt10b_30_45,ILGLKLPGEPPLTAN
Wnt10b_35_50,LPGEPPLTANTVCLT
Wnt10b_40_55,PLTANTVCLTLSGLS
Wnt10b_45_60,TVCLTLSGLSKRQLG
Wnt10b_50_65,LSGLSKRQLGLCLRN
Wnt10b_55_70,KRQLGLCLRNPDVTA
Wnt10b_60_75,LCLRNPDVTASALQG
Wnt10b_65_80,PDVTASALQGLHIAV
Wnt10b_70_85,SALQGLHIAVHECQH
Wnt10b_75_90,LHIAVHECQHQLRDQ
Wnt10b_80_95,HECQHQLRDQRWNCS
Wnt10b_85_100,QLRDQRWNCSALEGG
Wnt10b_90_105,RWNCSALEGGGRLPH
Wnt10b_95_110,ALEGGGRLPHHSAIL
Wnt10b_100_115,GRLPHHSAILKRGFR
Wnt10b_105_120,HSAILKRGFRESAFS
Wnt10b_110_125,KRGFRESAFSFSMLA
Wnt10b_115_130,ESAFSFSMLAAGVMH
Wnt10b_120_135,FSMLAAGVMHAVATA
Wnt10b_125_140,AGVMHAVATACSLGK
Wnt10b_130_145,AVATACSLGKLVSCG
Wnt10b_135_150,CSLGKLVSCGCGWKG
Wnt10b_140_155,LVSCGCGWKGSGEQD
Wnt10b_145_160,CGWKGSGEQDRLRAK
Wnt10b_150_165,SGEQDRLRAKLLQLQ
Wnt10b_155_170,RLRAKLLQLQALSRG
Wnt10b_160_175,LLQLQALSRGKSFPH
Wnt10b_165_180,ALSRGKSFPHSLPSP
Wnt10b_170_185,KSFPHSLPSPGPGSS
Wnt10b_175_190,SLPSPGPGSSPSPGP
Wnt10b_180_195,GPGSSPSPGPQDTWE
Wnt10b_185_200,PSPGPQDTWEWGGCN
Wnt10b_190_205,QDTWEWGGCNHDMDF
Wnt10b_195_210,WGGCNHDMDFGEKFS
Wnt10b_200_215,HDMDFGEKFSRDFLD
Wnt10b_205_220,GEKFSRDFLDSREAP
Wnt10b_210_225,RDFLDSREAPRDIQA
Wnt10b_215_230,SREAPRDIQARMRIH
Wnt10b_220_235,RDIQARMRIHNNRVG
Wnt10b_225_240,RMRIHNNRVGRQVVT
Wnt10b_230_245,NNRVGRQVVTENLKR
Wnt10b_235_250,RQVVTENLKRKCKCH
Wnt10b_240_255,ENLKRKCKCHGTSGS
Wnt10b_245_260,KCKCHGTSGSCQFKT
Wnt10b_250_265,GTSGSCQFKTCWRAA
Wnt10b_255_270,CQFKTCWRAAPEFRA
Wnt10b_260_275,CWRAAPEFRAVGAAL
Wnt10b_265_280,PEFRAVGAALRERLG
Wnt10b_270_285,VGAALRERLGRAIFI
Wnt10b_275_290,RERLGRAIFIDTHNR
Wnt10b_280_295,RAIFIDTHNRNSGAF
Wnt10b_285_300,DTHNRNSGAFQPRLR
Wnt10b_290_305,NSGAFQPRLRPRRLS
Wnt10b_295_310,QPRLRPRRLSGELVY
Wnt10b_300_315,PRRLSGELVYFEKSP
Wnt10b_305_320,GELVYFEKSPDFCER
Wnt10b_310_325,FEKSPDFCERDPTMG
Wnt10b_315_330,DFCERDPTMGSPGTR
Wnt10b_320_335,DPTMGSPGTRGRACN
Wnt10b_325_340,SPGTRGRACNKTSRL
Wnt10b_330_345,GRACNKTSRLLDGCG
Wnt10b_335_350,KTSRLLDGCGSLCCG
Wnt10b_340_355,LDGCGSLCCGRGHNV
Wnt10b_345_360,SLCCGRGHNVLRQTR
Wnt10b_350_365,RGHNVLRQTRVERCH
Wnt10b_355_370,LRQTRVERCHCRFHW
Wnt10b_360_375,VERCHCRFHWCCYVL
Wnt10b_365_380,CRFHWCCYVLCDECK
Wnt10b_370_385,CCYVLCDECKVTEWV
Wnt10b_374_389,LCDECKVTEWVNVCK
